,Value00,Value01,Value02,Value03,Value04,Value05,Value06,Value07,Value08,Value09,TGT0,TGT1,TGT2,TGT3
count,1000.0,1000.0,1000.0,1000.0,1000.0,1000.0,1000.0,1000.0,1000.0,1000.0,1000.0,1000.0,1000.0,1000.0
mean,-0.05377,-0.04726999999999999,0.021189999999999994,-0.019120000000000005,-0.03830000000000001,-0.04683000000000001,-0.03379,-0.016430000000000007,0.058730000000000004,-0.009079999999999994,87.47173000000001,91.66472999999999,94.51841999999998,90.35287
std,0.9749525216745273,0.9900427423761723,0.9826250739401758,1.016895915471639,0.999852196284238,1.0089394480888878,0.9914023474425077,1.0057540934027545,0.9549227007797356,0.946830735687241,169.21763983325687,143.64833684594367,168.81726291336784,196.36077143212825
min,-2.76,-2.84,-3.02,-2.81,-3.74,-3.07,-2.84,-3.12,-3.39,-2.99,-355.86,-368.27,-436.15,-564.11
25%,-0.73,-0.71,-0.6224999999999999,-0.76,-0.68,-0.72,-0.7124999999999999,-0.7625000000000001,-0.5525,-0.6525000000000001,-27.2675,-9.247499999999999,-16.052500000000002,-33.852500000000006
50%,-0.06,-0.08,-0.005,-0.02,-0.03,-0.03,0.0,-0.05,0.05,-0.01,86.16499999999999,92.91499999999999,86.595,91.37
75%,0.6,0.64,0.69,0.6725000000000001,0.63,0.6375000000000001,0.62,0.6525000000000001,0.67,0.64,198.67,189.0275,213.725,222.695
max,2.93,2.66,2.87,3.21,3.31,3.43,3.17,3.8,2.98,3.09,723.19,585.31,650.52,705.46
