,Value00,Value01,Value02,Value03,Value04,Value05,Value06,Value07,Value08,Value09,TGT0,TGT1,TGT2,TGT3
count,105.0,105.0,105.0,105.0,105.0,105.0,105.0,105.0,105.0,105.0,105.0,105.0,105.0,105.0
mean,0.05333333333333334,-0.17847619047619045,0.04780952380952381,-0.10352380952380952,-0.17523809523809522,-0.2495238095238095,0.10438095238095237,0.09095238095238094,-0.08199999999999999,0.02676190476190476,79.24180952380952,86.5307619047619,96.33200000000001,65.8817142857143
std,1.1066396351347993,1.3098133902263014,1.0551002330733805,1.1782197954740392,1.0471886311949865,1.1662475830236154,1.0437339808162915,1.2767194467805154,1.1200621548687515,1.1700078034240884,324.08111263522665,282.5866453636397,325.3556499001102,381.82405862783577
min,-2.45,-2.84,-2.58,-2.72,-2.33,-3.07,-1.88,-2.8,-3.39,-2.26,-355.86,-368.27,-436.15,-564.11
25%,-0.79,-1.27,-0.74,-0.88,-0.86,-0.89,-0.55,-0.91,-0.81,-0.97,-237.58,-187.53,-234.24,-292.17
50%,0.12,-0.4,0.17,-0.1,-0.33,-0.19,-0.07,0.03,0.05,0.0,-2.46,-43.69,-15.29,-50.44
75%,0.79,0.75,0.72,0.74,0.63,0.54,0.69,1.18,0.61,0.95,391.77,361.97,422.21,436.17
max,2.76,2.5,2.46,2.72,2.49,2.11,2.53,3.8,2.98,3.09,723.19,585.31,650.52,705.46
